kernel,architecture,method,status,normal_completion,success,legal,ii,route_cost,compile_wall_seconds,routing_attempts,parent_solves,child_solves,cache_hits,cache_misses,termination,scorer_rejection_reasons,work_id,result_file
array_add,A0_hycube4x4,dual_linear,DONE,True,True,True,4,136.0,1885.2415133714676,3486,48,0,0,48,DONE,"{""UNAVAILABLE:parent native relaxation is not feasible: status='infeasible', error=''"": 3, ""UNAVAILABLE:parent native relaxation is not feasible: status='infeasible', error='no legal temporal native route edges for 10|LOAD|5|5|for.body|0|2->8|ADD|6|6|for.body|0|2'"": 1, ""UNAVAILABLE:parent native relaxation is not feasible: status='infeasible', error='no legal temporal native route edges for 7|LOAD|5|5|for.body|0|2->8|ADD|6|6|for.body|0|2'"": 2}",array_add__A0_hycube4x4__dual_linear__0__93198c90efd32685,results/remote_snapshots/20260731_flowadvantage_v2_manifest_v7_terminal/work_items/array_add__A0_hycube4x4__dual_linear__0__93198c90efd32685.json
array_cond,A1_stdnoc4x4,dual_linear,VALID_MAPPING_FAILURE,True,False,False,4,,3159.1003302149475,2299,4,0,0,4,NO_LEGAL_ACTION,"{""UNAVAILABLE:parent native relaxation is not feasible: status='user_limit', error=''"": 4}",array_cond__A1_stdnoc4x4__dual_linear__0__1eaa146f83331f4a,results/remote_snapshots/20260731_flowadvantage_v2_manifest_v7_terminal/work_items/array_cond__A1_stdnoc4x4__dual_linear__0__1eaa146f83331f4a.json
trmm,A0_hycube4x4,dual_linear,DONE,True,True,True,4,71.0,460.24611941725016,1792,21,0,0,21,DONE,{},trmm__A0_hycube4x4__dual_linear__0__e031fa63a4b02bb4,results/remote_snapshots/20260731_flowadvantage_v2_manifest_v7_terminal/work_items/trmm__A0_hycube4x4__dual_linear__0__e031fa63a4b02bb4.json
array_cond,A2_hycube4x4_mem_variant,dual_linear,VALID_MAPPING_FAILURE,True,False,False,4,,2693.678692344576,1866,4,0,0,4,NO_LEGAL_ACTION,"{""UNAVAILABLE:parent native relaxation is not feasible: status='user_limit', error=''"": 4}",array_cond__A2_hycube4x4_mem_variant__dual_linear__0__131080199e56ae8d,results/remote_snapshots/20260731_flowadvantage_v2_manifest_v7_terminal/work_items/array_cond__A2_hycube4x4_mem_variant__dual_linear__0__131080199e56ae8d.json
fix_fft,A3_hycube8x8,dual_linear,VALID_MAPPING_FAILURE,True,False,False,,,,,,,,,NO_LEGAL_ACTION,{},fix_fft__A3_hycube8x8__dual_linear__0__84b5fe55b19430a2,results/remote_snapshots/20260731_flowadvantage_v2_manifest_v7_terminal/work_items/fix_fft__A3_hycube8x8__dual_linear__0__84b5fe55b19430a2.json
hpcg,A0_hycube4x4,dual_linear,VALID_MAPPING_FAILURE,True,False,False,4,,95.08753990009427,1852,4,0,0,4,NO_LEGAL_ACTION,"{""UNAVAILABLE:parent native relaxation is not feasible: status='infeasible', error='no legal temporal native route edges for 10|ADD|3|3||0|2068->20|LS|4|4||1|2'"": 4}",hpcg__A0_hycube4x4__dual_linear__0__2200be99ed99cae5,results/remote_snapshots/20260731_flowadvantage_v2_manifest_v7_terminal/work_items/hpcg__A0_hycube4x4__dual_linear__0__2200be99ed99cae5.json
trmm,A1_stdnoc4x4,dual_linear,DONE,True,True,True,4,72.0,606.9196585007012,2027,24,0,0,24,DONE,{},trmm__A1_stdnoc4x4__dual_linear__0__fb7cec44d1ec376e,results/remote_snapshots/20260731_flowadvantage_v2_manifest_v7_terminal/work_items/trmm__A1_stdnoc4x4__dual_linear__0__fb7cec44d1ec376e.json
hpcg,A1_stdnoc4x4,dual_linear,VALID_MAPPING_FAILURE,True,False,False,5,,4591.51933972165,2347,4,0,0,4,NO_LEGAL_ACTION,"{""UNAVAILABLE:parent native relaxation is not feasible: status='user_limit', error=''"": 4}",hpcg__A1_stdnoc4x4__dual_linear__0__35ec767068c71667,results/remote_snapshots/20260731_flowadvantage_v2_manifest_v7_terminal/work_items/hpcg__A1_stdnoc4x4__dual_linear__0__35ec767068c71667.json
trmm,A2_hycube4x4_mem_variant,dual_linear,DONE,True,True,True,4,71.0,484.3555286414921,1792,21,0,0,21,DONE,{},trmm__A2_hycube4x4_mem_variant__dual_linear__0__cbbe15aeff859d6d,results/remote_snapshots/20260731_flowadvantage_v2_manifest_v7_terminal/work_items/trmm__A2_hycube4x4_mem_variant__dual_linear__0__cbbe15aeff859d6d.json
array_add,A3_hycube8x8,dual_linear,TIMEOUT,False,False,,,,,,,,,,,{},array_add__A3_hycube8x8__dual_linear__0__ff91e4acc93cdc1e,results/remote_snapshots/20260731_flowadvantage_v2_manifest_v7_terminal/work_items/array_add__A3_hycube8x8__dual_linear__0__ff91e4acc93cdc1e.json
array_cond,A0_hycube4x4,dual_linear,VALID_MAPPING_FAILURE,True,False,False,4,,2673.2358345389366,1866,4,0,0,4,NO_LEGAL_ACTION,"{""UNAVAILABLE:parent native relaxation is not feasible: status='user_limit', error=''"": 4}",array_cond__A0_hycube4x4__dual_linear__0__a5aaa3321e99705e,results/remote_snapshots/20260731_flowadvantage_v2_manifest_v7_terminal/work_items/array_cond__A0_hycube4x4__dual_linear__0__a5aaa3321e99705e.json
array_add,A0_hycube4x4,flow_proposal,VALID_MAPPING_FAILURE,True,False,False,4,,354.46224039420485,2042,16,0,10,6,NO_LEGAL_ACTION,"{""UNAVAILABLE:parent native relaxation is not feasible: status='infeasible', error=''"": 7}",array_add__A0_hycube4x4__flow_proposal__0__d5d7447360978b9e,results/remote_snapshots/20260731_flowadvantage_v2_manifest_v7_terminal/work_items/array_add__A0_hycube4x4__flow_proposal__0__d5d7447360978b9e.json
array_cond,A1_stdnoc4x4,flow_proposal,VALID_MAPPING_FAILURE,True,False,False,4,,57.55743828415871,2299,4,0,4,0,NO_LEGAL_ACTION,"{""UNAVAILABLE:parent native relaxation is not feasible: status='user_limit', error=''"": 4}",array_cond__A1_stdnoc4x4__flow_proposal__0__b992671541fd49d8,results/remote_snapshots/20260731_flowadvantage_v2_manifest_v7_terminal/work_items/array_cond__A1_stdnoc4x4__flow_proposal__0__b992671541fd49d8.json
trmm,A0_hycube4x4,flow_proposal,DONE,True,True,True,4,71.0,146.36888568475842,1804,22,0,18,4,DONE,{},trmm__A0_hycube4x4__flow_proposal__0__edc7f2588a38ea0a,results/remote_snapshots/20260731_flowadvantage_v2_manifest_v7_terminal/work_items/trmm__A0_hycube4x4__flow_proposal__0__edc7f2588a38ea0a.json
array_cond,A2_hycube4x4_mem_variant,flow_proposal,VALID_MAPPING_FAILURE,True,False,False,4,,106.92838745564222,1866,4,0,4,0,NO_LEGAL_ACTION,"{""UNAVAILABLE:parent native relaxation is not feasible: status='user_limit', error=''"": 4}",array_cond__A2_hycube4x4_mem_variant__flow_proposal__0__e40aa14e098d8c89,results/remote_snapshots/20260731_flowadvantage_v2_manifest_v7_terminal/work_items/array_cond__A2_hycube4x4_mem_variant__flow_proposal__0__e40aa14e098d8c89.json
fix_fft,A3_hycube8x8,flow_proposal,VALID_MAPPING_FAILURE,True,False,False,,,,,,,,,NO_LEGAL_ACTION,{},fix_fft__A3_hycube8x8__flow_proposal__0__f3b0638f03153d35,results/remote_snapshots/20260731_flowadvantage_v2_manifest_v7_terminal/work_items/fix_fft__A3_hycube8x8__flow_proposal__0__f3b0638f03153d35.json
hpcg,A0_hycube4x4,flow_proposal,VALID_MAPPING_FAILURE,True,False,False,4,,90.59363517165184,1852,4,0,4,0,NO_LEGAL_ACTION,"{""UNAVAILABLE:parent native relaxation is not feasible: status='infeasible', error='no legal temporal native route edges for 10|ADD|3|3||0|2068->20|LS|4|4||1|2'"": 4}",hpcg__A0_hycube4x4__flow_proposal__0__017c2791229b5f4b,results/remote_snapshots/20260731_flowadvantage_v2_manifest_v7_terminal/work_items/hpcg__A0_hycube4x4__flow_proposal__0__017c2791229b5f4b.json
trmm,A1_stdnoc4x4,flow_proposal,DONE,True,True,True,4,77.0,243.62838295847178,2016,24,0,11,13,DONE,{},trmm__A1_stdnoc4x4__flow_proposal__0__218e1e7cf488158d,results/remote_snapshots/20260731_flowadvantage_v2_manifest_v7_terminal/work_items/trmm__A1_stdnoc4x4__flow_proposal__0__218e1e7cf488158d.json
hpcg,A1_stdnoc4x4,flow_proposal,VALID_MAPPING_FAILURE,True,False,False,5,,60.58108672872186,2347,4,0,4,0,NO_LEGAL_ACTION,"{""UNAVAILABLE:parent native relaxation is not feasible: status='user_limit', error=''"": 4}",hpcg__A1_stdnoc4x4__flow_proposal__0__87ee7938c8a0a55d,results/remote_snapshots/20260731_flowadvantage_v2_manifest_v7_terminal/work_items/hpcg__A1_stdnoc4x4__flow_proposal__0__87ee7938c8a0a55d.json
trmm,A2_hycube4x4_mem_variant,flow_proposal,DONE,True,True,True,4,71.0,150.5989178828895,1804,22,0,18,4,DONE,{},trmm__A2_hycube4x4_mem_variant__flow_proposal__0__6ee02d8765a566b0,results/remote_snapshots/20260731_flowadvantage_v2_manifest_v7_terminal/work_items/trmm__A2_hycube4x4_mem_variant__flow_proposal__0__6ee02d8765a566b0.json
array_add,A3_hycube8x8,flow_proposal,TIMEOUT,False,False,,,,,,,,,,,{},array_add__A3_hycube8x8__flow_proposal__0__af225b245367ac79,results/remote_snapshots/20260731_flowadvantage_v2_manifest_v7_terminal/work_items/array_add__A3_hycube8x8__flow_proposal__0__af225b245367ac79.json
array_cond,A0_hycube4x4,flow_proposal,VALID_MAPPING_FAILURE,True,False,False,4,,105.96557384356856,1866,4,0,4,0,NO_LEGAL_ACTION,"{""UNAVAILABLE:parent native relaxation is not feasible: status='user_limit', error=''"": 4}",array_cond__A0_hycube4x4__flow_proposal__0__5b7b41b11ffadd58,results/remote_snapshots/20260731_flowadvantage_v2_manifest_v7_terminal/work_items/array_cond__A0_hycube4x4__flow_proposal__0__5b7b41b11ffadd58.json
array_add,A0_hycube4x4,flow_top4,DONE,True,True,True,4,132.0,3973.9877644628286,2725,48,180,61,167,DONE,"{""UNAVAILABLE:parent native relaxation is not feasible: status='infeasible', error=''"": 3}",array_add__A0_hycube4x4__flow_top4__0__b04651e87f9152d6,results/remote_snapshots/20260731_flowadvantage_v2_manifest_v7_terminal/work_items/array_add__A0_hycube4x4__flow_top4__0__b04651e87f9152d6.json
array_cond,A1_stdnoc4x4,flow_top4,VALID_MAPPING_FAILURE,True,False,False,4,,57.30151113495231,2299,4,0,4,0,NO_LEGAL_ACTION,"{""UNAVAILABLE:parent native relaxation is not feasible: status='user_limit', error=''"": 4}",array_cond__A1_stdnoc4x4__flow_top4__0__f26582ae8a4fde2e,results/remote_snapshots/20260731_flowadvantage_v2_manifest_v7_terminal/work_items/array_cond__A1_stdnoc4x4__flow_top4__0__f26582ae8a4fde2e.json
trmm,A0_hycube4x4,flow_top4,DONE,True,True,True,4,71.0,958.5981181561947,1195,24,96,39,81,DONE,{},trmm__A0_hycube4x4__flow_top4__0__996288f769f76aff,results/remote_snapshots/20260731_flowadvantage_v2_manifest_v7_terminal/work_items/trmm__A0_hycube4x4__flow_top4__0__996288f769f76aff.json
array_cond,A2_hycube4x4_mem_variant,flow_top4,VALID_MAPPING_FAILURE,True,False,False,4,,106.09685911238194,1866,4,0,4,0,NO_LEGAL_ACTION,"{""UNAVAILABLE:parent native relaxation is not feasible: status='user_limit', error=''"": 4}",array_cond__A2_hycube4x4_mem_variant__flow_top4__0__54894c45a72d5894,results/remote_snapshots/20260731_flowadvantage_v2_manifest_v7_terminal/work_items/array_cond__A2_hycube4x4_mem_variant__flow_top4__0__54894c45a72d5894.json
fix_fft,A3_hycube8x8,flow_top4,VALID_MAPPING_FAILURE,True,False,False,,,,,,,,,NO_LEGAL_ACTION,{},fix_fft__A3_hycube8x8__flow_top4__0__ce0642112026ef32,results/remote_snapshots/20260731_flowadvantage_v2_manifest_v7_terminal/work_items/fix_fft__A3_hycube8x8__flow_top4__0__ce0642112026ef32.json
hpcg,A0_hycube4x4,flow_top4,VALID_MAPPING_FAILURE,True,False,False,4,,91.55612811073661,1852,4,0,4,0,NO_LEGAL_ACTION,"{""UNAVAILABLE:parent native relaxation is not feasible: status='infeasible', error='no legal temporal native route edges for 10|ADD|3|3||0|2068->20|LS|4|4||1|2'"": 4}",hpcg__A0_hycube4x4__flow_top4__0__d7747b5e31353925,results/remote_snapshots/20260731_flowadvantage_v2_manifest_v7_terminal/work_items/hpcg__A0_hycube4x4__flow_top4__0__d7747b5e31353925.json
trmm,A1_stdnoc4x4,flow_top4,DONE,True,True,True,4,72.0,1022.4811851941049,1611,24,96,45,75,DONE,{},trmm__A1_stdnoc4x4__flow_top4__0__cb31b8a55ff82f63,results/remote_snapshots/20260731_flowadvantage_v2_manifest_v7_terminal/work_items/trmm__A1_stdnoc4x4__flow_top4__0__cb31b8a55ff82f63.json
hpcg,A1_stdnoc4x4,flow_top4,VALID_MAPPING_FAILURE,True,False,False,5,,60.767801217734814,2347,4,0,4,0,NO_LEGAL_ACTION,"{""UNAVAILABLE:parent native relaxation is not feasible: status='user_limit', error=''"": 4}",hpcg__A1_stdnoc4x4__flow_top4__0__922f404d94605208,results/remote_snapshots/20260731_flowadvantage_v2_manifest_v7_terminal/work_items/hpcg__A1_stdnoc4x4__flow_top4__0__922f404d94605208.json
trmm,A2_hycube4x4_mem_variant,flow_top4,DONE,True,True,True,4,71.0,1002.8135183304548,1195,24,96,39,81,DONE,{},trmm__A2_hycube4x4_mem_variant__flow_top4__0__69c635851404457f,results/remote_snapshots/20260731_flowadvantage_v2_manifest_v7_terminal/work_items/trmm__A2_hycube4x4_mem_variant__flow_top4__0__69c635851404457f.json
array_add,A3_hycube8x8,flow_top4,TIMEOUT,False,False,,,,,,,,,,,{},array_add__A3_hycube8x8__flow_top4__0__ed94ac29db3b9f2b,results/remote_snapshots/20260731_flowadvantage_v2_manifest_v7_terminal/work_items/array_add__A3_hycube8x8__flow_top4__0__ed94ac29db3b9f2b.json
array_cond,A0_hycube4x4,flow_top4,VALID_MAPPING_FAILURE,True,False,False,4,,109.09503941610456,1866,4,0,4,0,NO_LEGAL_ACTION,"{""UNAVAILABLE:parent native relaxation is not feasible: status='user_limit', error=''"": 4}",array_cond__A0_hycube4x4__flow_top4__0__e4416f2c4aee7a41,results/remote_snapshots/20260731_flowadvantage_v2_manifest_v7_terminal/work_items/array_cond__A0_hycube4x4__flow_top4__0__e4416f2c4aee7a41.json
